,Price,return,ma,vol,rvol
63,2022-04-20,-0.019487173174310368,0.007622782220437219,0.03227021952542923,0.6717816945443176
64,2022-04-21,-0.041889824882142324,0.005824076987540546,0.03181124954331518,0.7587897855676298
65,2022-04-22,-0.0038296386727737497,0.005763289072099693,0.03182621373480083,0.6128114022207926
66,2022-04-25,-0.0025627821814917517,0.006498626836239751,0.03106929487227458,0.6755945677722147
67,2022-04-26,-0.0372571389671803,0.006241762574969635,0.03136640634613574,0.6318931655289262
68,2022-04-27,0.0023353456408741202,0.005777990704276767,0.031201696112788578,0.5838267934168098
69,2022-04-28,0.020302877173710376,0.005167418518215883,0.03051686181736197,0.9689419294497373
70,2022-04-29,-0.034252301353305814,0.00428032553082492,0.03084102312301014,0.7361889119723288
71,2022-05-02,-0.017057895717779825,0.003585152614944492,0.030820234965392143,0.7027373549586512
72,2022-05-03,0.025773333028734857,0.0034056306780354136,0.030654461222697337,0.6228006352251266
73,2022-05-04,0.0353433162825636,0.002936704570930486,0.029915882072230556,0.8128260283835176
74,2022-05-05,-0.0266946979764503,0.0023303249040840775,0.03012579042128317,0.6216958197570565
75,2022-05-06,0.0018283699602090753,0.0033895224185987475,0.02887080028958342,0.9320490465582397
76,2022-05-09,-0.04396877745165351,0.003980059776737741,0.0274592111839455,0.7424494264679969
77,2022-05-10,-0.010065992691247305,0.004016671710598399,0.027438586193809927,0.7504031244562169
78,2022-05-11,0.005785480294820955,0.0034770740870631546,0.027055520283630723,0.6624431256071176
79,2022-05-12,-0.06568343011105371,0.0025217127959534457,0.028406393304083313,1.3261166684274617
80,2022-05-13,0.021320325191863887,0.0025092697740757763,0.028397847507441013,0.8170088252229809
81,2022-05-16,0.03625704568527044,0.0030781779515408067,0.028712501379790326,0.5769971590622099
82,2022-05-17,0.048241794624538814,0.0038802141219737335,0.029260709857545135,0.7838379787447364
83,2022-05-18,-0.03438983036692289,0.003598893263174591,0.029545253677361896,1.6424786059368846
84,2022-05-19,-0.0008728663994107544,0.004227356708899138,0.02900905260985751,0.7814975072258034
85,2022-05-20,-0.01013455944480357,0.004024435252498829,0.029064927064682944,0.8108478341985862
86,2022-05-23,-0.0008825734539090746,0.004664081166140868,0.02849181448682592,0.5692970549522869
87,2022-05-24,0.003180264057577986,0.0048786156742748315,0.028427863986410746,0.6093274883219547
88,2022-05-25,0.04209209480509646,0.005040050803140148,0.02861219221826699,0.717185611102688
89,2022-05-26,0.05577167868690425,0.006072155628047043,0.029253928224271985,1.175761104212929
90,2022-05-27,0.06611178655037042,0.006373265414464748,0.029776437816597095,1.0236520792403978
91,2022-05-31,-0.06786791215745192,0.004671154709624528,0.030903653306369898,2.658340328576568
92,2022-06-01,0.025289970468684864,0.004517910863660938,0.030774782727238315,0.7288833336693346
93,2022-06-02,0.0015710834837665555,0.0045235909555905686,0.030774195965121317,0.6392818563297187
94,2022-06-03,0.022274451732915646,0.0044027601713247915,0.03068782774407396,0.6548439051219475
95,2022-06-06,0.018720230752037992,0.004497600920238162,0.030723238491933896,0.7453599608965854
96,2022-06-07,0.0024101063471617667,0.0043299533370474074,0.03070506182194438,1.004493848857645
97,2022-06-08,-0.026746956539272948,0.004205747830167758,0.030816260783409172,0.7141443496434545
98,2022-06-09,-0.054963672337712044,0.0033364018847603667,0.0317022033744754,0.6763475465928902
99,2022-06-10,-0.023198765478833927,0.0035867578167619045,0.03142376218456689,0.5805763992808466
100,2022-06-13,-0.07208547809756849,0.0019179512554460723,0.032603401168707476,0.8001024080310974
101,2022-06-14,-0.01874560200067832,0.001514474694440818,0.03270074023994239,0.8812109033157229
102,2022-06-15,0.0690667780471288,0.00246222585365509,0.033779211632419676,1.4636730999874037
103,2022-06-16,0.0010309223762570152,0.002717743188649631,0.03370528144289299,1.7914762155314063
104,2022-06-17,-0.002746295119594677,0.0032905171325375445,0.03329189977400813,2.445300700415121
105,2022-06-21,0.039242745441222304,0.0038454038616633846,0.033598654187706946,1.628335294908572
106,2022-06-22,-0.01937739945793182,0.0029186429753907087,0.03341784722705502,1.2109507640067911
107,2022-06-23,-0.009457812310691094,0.0028150786909770745,0.03344637305248643,0.9974419816511148
108,2022-06-24,0.010741730948312878,0.0025435414189831198,0.03330901807800828,2.3625506362514144
109,2022-06-27,0.002361595021593388,0.0021600479089344047,0.03316727860195019,0.6299413633032006
110,2022-06-28,-0.022551145430361408,0.0009228798029005238,0.03259848105415126,0.5189019671443353
111,2022-06-29,-0.013257671542853178,0.0008382398345190102,0.03262873398045944,0.5252243912921302
112,2022-06-30,-0.0008724093943591749,0.0004947021681588901,0.03252927293779217,0.899078712917621
113,2022-07-01,0.0059377273705809586,0.0009340177468986359,0.0324108321054147,0.5758465884071358
114,2022-07-05,-0.04618065022791118,-0.00029847964622794294,0.032706045198937744,1.0101840358710257
115,2022-07-06,0.03312715999540461,0.00012885973677920524,0.03296722966210892,0.6438507041851028
116,2022-07-07,0.04140255494947498,0.0006174707598134996,0.03335110926138711,0.7033093176828097
117,2022-07-08,0.009135460327774236,0.000601058400715385,0.033346586950119286,0.789605866791682
118,2022-07-11,0.0031850665997006367,0.0003027271245385197,0.033236128551172237,0.6772773723556276
119,2022-07-12,-0.010193829699797874,-0.0006695387201767034,0.03261756100626211,0.7027114378762459
120,2022-07-13,0.009961214961580422,0.00031668788688973603,0.03196809329813404,0.6201794435688985
121,2022-07-14,-0.03176198038753075,-0.0004987549572569129,0.032122833622017025,1.0253860441958134
122,2022-07-15,-0.03901926673657563,-0.0017158782882093185,0.03210637282817286,2.01615083907475
123,2022-07-18,-0.015271243675849422,-0.0015503306682477693,0.03200744281003041,0.9997468922110992
124,2022-07-19,0.003466466495177123,-0.0016881677630088867,0.03196616234695085,0.8942233590565143
125,2022-07-20,-0.016909036425502677,-0.002809010040692101,0.03122190005520425,1.0729970773467337
126,2022-07-21,0.0016643918054783935,-0.0024732709140287876,0.03115331118427785,0.6968772812760473
127,2022-07-22,-0.002954266241495862,-0.001855246173701066,0.03074223976336284,0.5800485255806745
128,2022-07-25,0.017777902028552672,-0.001512269337172075,0.030840233553166143,0.7138294721388742
129,2022-07-26,0.009825275207996365,-0.0013156335055928986,0.030872903024300874,0.7714252545404512
130,2022-07-27,0.0005405728342997573,-0.0007156698262043262,0.03052852108672843,0.6047419646550231
131,2022-07-28,0.16315488847322102,0.0018370213298646721,0.036855678807261344,3.159693146540252
132,2022-07-29,0.023378201797202625,0.0018858360064280412,0.036882557780817844,1.4500533286849235
133,2022-08-01,-0.012102694262589475,0.0022374170713600466,0.03663727100808687,1.0172813909651262
134,2022-08-02,0.008269541039576334,0.0026394398770323664,0.0365610078048502,0.6436928094885099
135,2022-08-03,0.0202004079351239,0.0025509807485623514,0.03651084012615135,0.8540176361615412
136,2022-08-04,0.004317409948940476,0.002058506044854048,0.03626983844801448,0.9070964984909592
137,2022-08-05,0.10139346303244534,0.004091651457693661,0.038172219738636784,1.555791501834505
138,2022-08-08,0.02139980110155415,0.004402309094857869,0.03823309406961608,1.172376665257945
139,2022-08-09,-0.0022402008048931776,0.005064667454330255,0.0377398628869388,1.080021370070611
140,2022-08-10,0.01848948561129804,0.0055179290146881175,0.037726685881310985,0.7827353287836678
141,2022-08-11,0.022172986686475937,0.005778048163762006,0.037785009821814396,0.9278828229954422
142,2022-08-12,0.03572286427801652,0.0073876718842234386,0.03683979158433473,0.8004429463659142
143,2022-08-15,-0.0036810193486195297,0.006990825145485606,0.03682194089125873,0.7315704747578708
144,2022-08-16,0.0024633353007534886,0.006454417044144067,0.03663439460079654,0.6931404136903612
145,2022-08-17,-0.02088479380126551,0.00535716960881384,0.03639706837589328,0.9215802166001666
146,2022-08-18,0.023839480253189826,0.006281444380561661,0.03610965384974197,0.7256955868466531
147,2022-08-19,-0.009313718800096571,0.006147462596423791,0.036152261853707054,0.6393581166593908
148,2022-08-22,-0.014720495739569461,0.006074669956824332,0.03619017152344434,0.6491814562603854
149,2022-08-23,0.0012554404865476876,0.006108606686037931,0.0361845442640877,0.40243382761466556
150,2022-08-24,0.007774459524042543,0.006181530423600861,0.036183176885880866,0.540844268956915
151,2022-08-25,0.02948864329527523,0.0059814756377306825,0.036015882125634,0.588284392429104
152,2022-08-26,-0.02308443129215587,0.004729791352348777,0.03562573669190545,0.6282614653782556
153,2022-08-29,0.0021031881187070223,0.0037137818534334842,0.03474888939654341,0.4605394856751856
154,2022-08-30,-0.0161730299704812,0.004534335538940956,0.03362344070665156,0.7217386331140978
155,2022-08-31,0.023842571712565208,0.004511360955510485,0.03360952144675346,1.1999496125915483
156,2022-09-01,0.011398457494721903,0.004667351019176443,0.03361845923216606,0.959089637219363
157,2022-09-02,-0.01757142547053092,0.004034876777851895,0.03365666337808606,0.8818266528378885
158,2022-09-06,0.014678539683143477,0.0039707229513615055,0.03363206275818876,0.7954498561656851
159,2022-09-07,0.007780263692052314,0.004055963544137546,0.033634848799647836,0.6992372471239818
160,2022-09-08,0.034861327648681995,0.005033872816962227,0.03362043651575606,0.8668587039436512
161,2022-09-09,0.02004884577704802,0.006224547707672705,0.032779104541149504,0.7556516221146982
162,2022-09-12,0.00708496547756865,0.006705241849837825,0.03256199367955302,0.6867993953767955
163,2022-09-13,-0.019857084837497263,0.007534263965077051,0.03115824697027688,0.7827116301725212
164,2022-09-14,0.019333455587417392,0.008138693450602379,0.031009214922483257,1.4160949378824401
165,2022-09-15,-0.014196680126664418,0.006817051257367567,0.03013250852685477,1.4308064050147518
166,2022-09-16,-0.014170454040770442,0.0065757595682084,0.0302402606216682,2.439070473243376
167,2022-09-19,0.044291193555817676,0.007322386372580025,0.030585096064843505,1.7435922875739012
168,2022-09-20,-0.01801704208090027,0.006413500856355857,0.030471805318293514,1.827061178507685
169,2022-09-21,-0.00535607943860128,0.006636061491583326,0.030331275482226024,0.856960266004181
170,2022-09-22,-0.021769091710522326,0.006440644358252671,0.030475951123590115,0.7447086296773505
171,2022-09-23,-0.017919961500463932,0.005985696859065738,0.030624279639630186,1.0970524148044911
172,2022-09-26,-0.011091237238069485,0.005772159839071089,0.030696773524891814,0.8067938747008219
173,2022-09-27,0.01266284418942476,0.006331112055258171,0.03049264508672778,0.7250928851797398
174,2022-09-28,0.012504501633572529,0.0067400354390109605,0.030398308158801606,0.6373872213275384
175,2022-09-29,-0.02328858334364592,0.006384223154101647,0.030619236861938345,0.7459801332716083
176,2022-09-30,0.0018064705633549227,0.006318647649225043,0.030624631885479647,1.321788071051324
177,2022-10-03,0.04087008449600882,0.007700405343255519,0.03017827763197522,0.8233151430621944
178,2022-10-04,0.03175889020030276,0.0076786867750793,0.030160170396176012,0.6822730632447013
179,2022-10-05,-0.013096014952926893,0.00681363010996181,0.029958188350288715,0.7183561378598168
180,2022-10-06,-0.02143585213973409,0.006328371181906121,0.030166841549323524,0.6838532940118935
181,2022-10-07,-0.02190541334117535,0.005930109595543011,0.030373919747762736,0.8211455133564826
182,2022-10-10,0.0039104373813230175,0.006153986850798898,0.03030505921915713,0.4022159541946054
183,2022-10-11,-0.02171861530199659,0.005651132402170691,0.030503052916074233,0.6280546761692373
184,2022-10-12,-0.008687178145645347,0.006017399104422841,0.03018342883199525,0.7726255998433063
185,2022-10-13,0.020204392790943215,0.006957457192161235,0.02967613822453419,1.1479783765709033
186,2022-10-14,-0.030541663488321102,0.006715069576090256,0.029921969678141935,0.7119663150813291
187,2022-10-17,0.0483633705598856,0.0074277188469586445,0.030374579915037916,0.7089744973298844
188,2022-10-18,0.015494768967093675,0.007942064964301445,0.030229837156596658,0.6806882654564425
189,2022-10-19,-0.009478547125099102,0.0077651929177843405,0.030299677164988693,0.5663023094039972
190,2022-10-20,-0.013187153352018477,0.0076027661382522356,0.030385373966019456,0.8835215376926505
191,2022-10-21,0.032166453397590944,0.007831155842522685,0.030516879017958756,0.7447554361599675
192,2022-10-24,0.0034371592598343437,0.007729757176678843,0.030520758947484405,0.5667044582787392
193,2022-10-25,0.006508330575993204,0.007824483490039056,0.03050734424137532,0.7040796803017864
194,2022-10-26,0.007146875694632682,0.00534816582688686,0.023136996733857947,0.6152332348528315
195,2022-10-27,0.04798388607125359,0.0057387322439352885,0.023648293465401777,1.5083131125710292
196,2022-10-28,0.007631058769958843,0.006051966419055103,0.023538600319899253,0.8876182883014481
197,2022-10-31,0.008426647544999666,0.006054460173109442,0.023538847366984837,1.0279532931591049
198,2022-11-01,0.010366044831385146,0.005898359171462795,0.02347604872883443,0.6664888328792563
199,2022-11-02,-0.025439859505857143,0.005426021561069182,0.023805417733470155,0.8959669865059875
200,2022-11-03,0.014180072989336212,0.004041682036575386,0.020431404229832986,0.6900920273240939
201,2022-11-04,-0.0009534139569477018,0.0036868690991388488,0.02031888393969225,0.926109118959263
202,2022-11-07,-0.008693858647946584,0.0035844300857570486,0.02036546250868652,1.0007454333777348
203,2022-11-08,-0.06374332619795264,0.0022791473586260855,0.021967041637589096,2.017538481039898
204,2022-11-09,-0.002170346006317825,0.0018927452523912639,0.02182510531624689,1.043008608369063
205,2022-11-10,0.0891813882196193,0.002741293251464324,0.02408394321289964,2.228665889970262
206,2022-11-11,-0.029745708360465417,0.0023275680290540716,0.024417612442276918,1.4174382483336854
207,2022-11-14,0.018997819725933063,0.002590020162787081,0.024507789013937648,0.9026629817129869
208,2022-11-15,-0.004471745977076003,0.0028505447314250095,0.024340889676124754,1.1465505987263704
209,2022-11-16,-0.01946538288522981,0.002163165951450095,0.024350064847575792,0.6281960800129053
210,2022-11-17,-0.017779239253713164,0.0020287926109164977,0.02443762101777972,0.8127432148149535
211,2022-11-18,0.03609124957439569,0.0028353282508207065,0.024712855715831938,1.1341940442487755
212,2022-11-21,0.0009645332948178265,0.002830710676348804,0.02471318285342042,0.7828327500672999
213,2022-11-22,0.030838321209393005,0.0031968037189734145,0.024957224467686813,0.7026415545386244
214,2022-11-23,0.0036356384486755378,0.0027864385626781814,0.024729449555373983,0.5106523721651117
215,2022-11-25,0.005588827174428879,0.0032415696494493677,0.024508501899745405,0.2860456340720988
216,2022-11-28,-0.02418681340756168,0.0028242680379212933,0.024750817085742814,0.7179686570523066
217,2022-11-29,-0.004008042165433601,0.003017363082445858,0.024647455148937417,0.6501874090979644
218,2022-11-30,0.017896770443879273,0.0029229852845302088,0.024577711876452787,1.5181658723166944
219,2022-12-01,-0.017165885876965215,0.002469583008789143,0.024682088674932136,0.7934808288483479
220,2022-12-02,-0.02572233857370443,0.002340203435722897,0.024809866970601707,0.8412279947793465
221,2022-12-05,-0.02151258930946809,0.0017657410707608088,0.024938233272580577,1.0877106295441024
222,2022-12-06,0.00799473176929788,0.0017691453259551827,0.024939082166037317,0.5636704498952371
223,2022-12-07,0.013108688179533035,0.0014238653343813898,0.024622100859536374,0.5674196483820478
224,2022-12-08,-0.006088941136205506,0.00100897982782181,0.024523219714844117,0.4627746458540503
225,2022-12-09,-0.018488126102091385,0.0006030577392557777,0.02463243134195419,0.6408635772215566
226,2022-12-12,0.01292893126578143,0.0011234706932760745,0.024539356549993313,0.7215438107254033
227,2022-12-13,-0.00044013474420590004,0.0008096041800757047,0.02442889493404237,0.7678870555718413
228,2022-12-14,0.00011008213702479175,0.0010366956445787081,0.024353527960661613,1.2165708521984557
229,2022-12-15,-0.012658052332388814,0.0010607020209022259,0.024339036913852603,1.0994126000666917
230,2022-12-16,-0.01672260662704317,9.222900212665698e-05,0.02379901765331318,1.9229462530041512
231,2022-12-19,-0.005328636264613773,0.00029363226905183945,0.023696762250932053,0.6251622009151377
232,2022-12-20,-0.001937736455787653,0.0003478916814774526,0.023687528990436312,0.6642677994441557
233,2022-12-21,0.023869367038785727,0.0010723116616251996,0.02369809345705333,0.7192153616629059
234,2022-12-22,-0.025878486119360722,0.0009459858740236631,0.023821855975482132,0.7973405877126226
235,2022-12-23,0.008130056687883691,0.0012510857776102215,0.023788267197980075,0.312857599904764
236,2022-12-27,-0.00454332596544349,0.0009779719656281857,0.023753882678957672,0.3335622892138412
237,2022-12-28,-0.01175263706781371,0.0005929380179871343,0.02376062686615231,0.39809422975119113
238,2022-12-29,0.0018472460815488478,0.0009919194374346703,0.023563365366932824,0.4647055883700778
239,2022-12-30,-0.006453574616644864,0.0008608076091807054,0.023581733129525134,0.7287366872873066
240,2023-01-03,-0.04987830983669439,-0.0005796430945129963,0.023868281602273562,2.1494986604138537
241,2023-01-04,0.018312809824854837,-0.0007930729417423284,0.02363340854929424,1.3821558690682358
242,2023-01-05,-0.011989174280161552,-0.0007755040421746245,0.023624524858121457,1.007471926795754
243,2023-01-06,0.01322655543135065,-0.00022530709660185084,0.02353907642386136,1.0095886740955937
244,2023-01-09,0.005988033989526631,0.00021744603563151395,0.023386545642872566,0.6906120159390469
245,2023-01-10,-0.010952228871886738,-1.8469301721021857e-05,0.023423626472665493,0.7280996161892257
246,2023-01-11,0.012397702110342301,0.0005230595460938811,0.023307931360915683,0.8958562479879815
247,2023-01-12,0.0027343834504762743,0.0007043541746037482,0.023279538986215435,0.7930270013414464
248,2023-01-13,0.00972260061634067,0.0005379765210386285,0.023175147743664807,0.7323836039795374
249,2023-01-17,-0.021019329459302738,0.0006891246802293961,0.02299956432163861,1.4681220829486092
250,2023-01-18,-0.01823200436579442,-0.00036794476303536605,0.022292605791827014,1.103793777180193
251,2023-01-19,-0.012339569540576245,-0.0008097596599825076,0.02224893379572937,0.8656048980922273
252,2023-01-20,0.02671945790800434,-0.00023518815152054825,0.02248757542773967,0.9463437860345396
253,2023-01-23,0.013735029088109751,0.00019214807768783634,0.02249327991314759,0.8448830521134133
254,2023-01-24,-0.0027335009402473798,-0.00036181945148420054,0.02211977058213438,0.6254796331613619
255,2023-01-25,-0.006077947707798126,-0.0005128528954148747,0.022125896490387376,0.8150810592608636
256,2023-01-26,0.029736072092849675,-0.00014415858562350214,0.02243613331022756,1.142441304311343
257,2023-01-27,0.008150975677818861,-0.00012822049065229293,0.02244175216652044,0.7686740623349181
258,2023-01-30,-0.04827900054102874,-0.0016562028178313776,0.02239017415935495,1.6130381055657832
259,2023-01-31,0.03592220247095601,-0.0012071370447996764,0.022858263298295132,1.322625721696929
260,2023-02-01,0.0005858373835305741,-0.0013315943489499796,0.022826287042313837,1.3789305237583516
261,2023-02-02,-0.0009366453384413997,-0.0015110021294234167,0.022777229362341923,1.2464484720025832
262,2023-02-03,-0.024961926778396704,-0.0015034158956542033,0.02276920919836559,0.9439023844284659
263,2023-02-06,0.0007210502753822734,-0.0017170511768280754,0.022682659331706878,0.7843816651013737
264,2023-02-07,0.03206833414507848,-0.001192896445049882,0.023078669366880727,1.0611153780190445
265,2023-02-08,-0.01850353546043426,-0.0013486056008036548,0.023163031961022786,1.0480154981800751
266,2023-02-09,0.0009487128069314288,-0.00032174783882136783,0.0217427637454381,1.0525625679396675
267,2023-02-10,0.02831061205823393,0.00016207689236199337,0.02203809361256533,0.7250995778224228
268,2023-02-13,-0.004838174687907593,-0.0013302971220431952,0.01886807412727351,0.6507496818011376
269,2023-02-14,-0.0038198336115834453,-0.0009187753006323704,0.018517800874349483,1.3303015025062446
270,2023-02-15,-0.0005808915678109372,-0.001229548495771164,0.018341612182045566,1.1331904825598338
271,2023-02-16,-0.00441802900830035,-0.0012286958454731378,0.018341460278312204,1.6876731271402505
272,2023-02-17,-0.012612497097530206,-0.001119919880589017,0.018251662313260666,1.9463367659299073
273,2023-02-21,-0.04943815491955417,-0.0016224423514753822,0.019132326378709836,2.6802713189057377
274,2023-02-22,-0.031977141037103585,-0.002702892996102355,0.018888632535637107,1.7589059640502394
275,2023-02-23,0.018251872522543122,-0.0024284907861384613,0.01906749290841233,0.8355043340521191
276,2023-02-24,0.004205702605676542,-0.0028512307639752305,0.018607737199877485,0.8063482789620035
277,2023-02-27,-0.011353398664272651,-0.003089151987990281,0.01861927979539374,0.6982397464793676
278,2023-02-28,-0.04440493911332288,-0.0038827038338276106,0.019296508235058494,1.8419273806805205
279,2023-03-01,-0.007210467282602995,-0.00361323802232033,0.019126179855310295,1.3222139798715866
280,2023-03-02,0.024613209602925235,-0.0031589324386955865,0.01945376675687547,0.989637476838798
281,2023-03-03,0.0367553231415918,-0.0028595903323826895,0.01992243044494163,1.1797066451726133
282,2023-03-06,-0.0022790558777293635,-0.0026232914435059297,0.019838114889279498,1.1695998679816728
283,2023-03-07,-0.011421505846839097,-0.0023962940986350513,0.01965047241229762,1.1199546035310517
284,2023-03-08,0.002182443612746887,-0.0020201824649490993,0.019504906831996034,0.6470322943039263
285,2023-03-09,0.00730114998198661,-0.002031191699668326,0.019499357850552786,1.5713123035473733
286,2023-03-10,-0.013860656444362296,-0.002459276534968252,0.01945761415526503,1.4436051135352
287,2023-03-13,-0.005802852678740034,-0.002454735448341816,0.019456786754945332,1.1070499684587083
288,2023-03-14,0.010765159433800076,-0.001990397582692745,0.019417002338310806,1.0516301871094744
289,2023-03-15,-0.007699046475554749,-0.0023178258008091923,0.019335112162503176,0.9574393732779588
290,2023-03-16,0.014224817199957052,-0.0020850487858224786,0.01944604052694073,0.9578489070102847
291,2023-03-17,-0.02116550513560589,-0.00242275652030868,0.019591500296271488,1.8819414364513818
292,2023-03-20,0.0029959540893551573,-0.0021742802279000454,0.019558835266990753,0.7907519339659339
293,2023-03-21,-0.006233728021728946,-0.0020077900913077562,0.019477471400860317,1.0071992428759773
294,2023-03-22,-0.027443851432658817,-0.002358825252705297,0.019735860309529778,0.9129824113881129
295,2023-03-23,-0.013705844044630044,-0.0025456206112583505,0.01978743434181586,0.808877547854683
296,2023-03-24,0.0005449117257783076,-0.0029158500606711667,0.01950136595831574,1.3427782258900058
297,2023-03-27,0.02491829720573069,-0.002109551912653843,0.019586574874648578,1.5397126315286993
298,2023-03-28,0.00318855295591991,-0.002187988479827871,0.019554776450652712,0.8291889634368025
299,2023-03-29,0.004899843649520008,-0.0020380968986379745,0.019572614914296734,1.0747439602057962
300,2023-03-30,0.012388233261487303,-0.0016549084807125614,0.019615623296589352,0.8063187834964535
301,2023-03-31,0.021869115931802297,-0.0013371010227720304,0.019834255774466607,1.3635016741253538
302,2023-04-03,-0.023948938463504987,-0.0016148052108174292,0.020028574702671005,0.8622856090346674
303,2023-04-04,-0.007830981534323489,-0.0009473873012559864,0.019072073705198284,0.6109227061646606
304,2023-04-05,0.006314191090966759,-0.0011378415668732574,0.018936062989283235,0.5650750022148154
305,2023-04-06,0.006013055769350073,-0.0008520918835476761,0.018905476947783724,0.5765440431489516
306,2023-04-10,0.0048077276421736315,-0.00098572407067747,0.018833976613622266,0.7025443882928412
307,2023-04-11,0.0011637922051273009,-0.001062299337096507,0.018814962969733284,0.6482891759353184
308,2023-04-12,-0.00787916715497794,-0.0010135205796852564,0.018792879844531672,0.5544181034482758
309,2023-04-13,0.004296396589150708,-0.0011421127308152816,0.018727234436973522,0.6288905282972517
310,2023-04-14,-0.00920399823941509,-0.0013316108528770491,0.01874776617796933,0.6314478999572944
311,2023-04-17,-0.018186667699362613,-0.0017746151118564664,0.018811979324493026,0.5207666572157641
312,2023-04-18,-0.007462658056431537,-0.0015594298514934315,0.018665256971727485,0.5952356730187457
313,2023-04-19,0.0036251834724423393,-0.00121249036199761,0.018553156003882087,0.5048705166610764
314,2023-04-20,0.02301000297906386,-0.0006513860362890369,0.018744761656316326,0.9339497876210091
315,2023-04-21,0.001046172321451877,-0.0010588985059168537,0.018416312007938935,0.5741231891171944
316,2023-04-24,0.0096669553412696,-0.0011234711050730466,0.018370679187126218,0.5349987350789761
317,2023-04-25,-0.0046579788037102166,-0.00115401837274706,0.018374999098719536,0.8385187337433022
318,2023-04-26,-0.013908598909139758,-0.0012783144235620064,0.01843522995734667,1.4914288070267596
319,2023-04-27,0.011732088708906518,-0.0015640919375928502,0.018082878601059876,0.8994545379412939
320,2023-04-28,0.008469076815102117,-0.0015590427131915287,0.018085679255986246,1.0703479858356186
321,2023-05-01,-0.0045219212724606495,-0.0008644858994047336,0.01707446860727471,0.865313097642839
322,2023-05-02,-0.003374440513720267,-0.001488242137256738,0.01641392581179152,1.235388962255459
323,2023-05-03,-0.003646293856150784,-0.0015554188236008865,0.016413960735290965,0.7834317127300979
324,2023-05-04,0.02718605568256094,-0.0011090267439024368,0.016808723906384902,1.846775501957627
325,2023-05-05,0.011451729590348902,-0.0005310321983667921,0.01660005014822166,1.1327185919882945
326,2023-05-08,-0.00981248213776753,-0.0006982311255596462,0.016640234776759962,1.125741036019461
327,2023-05-09,0.003049001078810676,-0.0011588554599448494,0.01611184025200172,1.4937456833128135
328,2023-05-10,0.0063965606550033804,-0.000763615839064887,0.015984403413839984,0.7728233987690802
329,2023-05-11,-0.0006693608179542121,-0.000789299547396405,0.015982907559408774,1.1798749005436076
330,2023-05-12,0.00922626990752562,-0.001092225613280664,0.015598713937179164,0.9361328331987467
331,2023-05-15,0.005259980837812428,-0.0009319374303327271,0.015611478469357924,0.9568273256150207
332,2023-05-16,-0.0158215493212569,-0.0011224408542957979,0.015720136229158427,1.7157713335790659
333,2023-05-17,0.017594930176956014,-0.0008339357472360049,0.015896037868691416,1.0752302544576429
334,2023-05-18,0.012563836258783656,-0.0005643823302981636,0.015978052631571458,1.3169718712858212
335,2023-05-19,0.011056432403557137,-0.0001886850366301105,0.01596845691057702,1.1221629085441296
336,2023-05-22,0.014945254363426086,0.0008332738408775126,0.014781859435962209,0.9108437185347149
337,2023-05-23,0.00610571462982179,0.0014377636133683916,0.01418510318705096,1.0744694262537449
338,2023-05-24,-0.008686314979469811,0.0010101733355586625,0.014075675456409387,1.1623171506589751
339,2023-05-25,-0.0067219084244236615,0.0008367191922237385,0.014102965767923182,0.8887940676034539
340,2023-05-26,0.013292863796639853,0.001227929707476318,0.014101201379835419,1.0738717103927604
341,2023-05-30,-0.0017888043334238768,0.0019043762912842386,0.012842868619022915,1.0522050577591107
342,2023-05-31,0.0038232065603409637,0.002079513971330968,0.01279169598004499,2.4473788308492734
343,2023-06-01,0.05784322076846116,0.0026069744660220146,0.014328631484558122,1.69020671228231
344,2023-06-02,-0.015076507904877245,0.0017842469890939345,0.013815111252846698,1.4848886294069807
345,2023-06-05,-0.0003426451979973155,0.0018149836665499988,0.013808077495137286,0.8402901056549485
346,2023-06-06,0.023311653559340728,0.002366303657124282,0.013963581278576508,1.0669594938656488
347,2023-06-07,0.0140703224708989,0.0025550001469362184,0.01404116435671236,1.122071384990848
348,2023-06-08,0.016408042549294954,0.002699553997210954,0.01413736229885145,1.4077841518382577
349,2023-06-09,0.010725834291736458,0.0030898157549268074,0.014011640454534704,1.1611407999673649
350,2023-06-12,0.004930892196858716,0.0032601926577140892,0.013966952618921454,0.7926947604419325
351,2023-06-13,0.005333377914721105,0.003173973903442994,0.013936609197821557,1.1170649659590925
352,2023-06-14,-0.011140667992807884,0.0031193449904707224,0.013986572533319076,1.1776470827533903
353,2023-06-15,0.002789663359082706,0.0029378346120441452,0.013914139173429298,1.6776458216468948
354,2023-06-16,-0.0060989552767511945,0.003176986197105331,0.013619537714995904,2.2260013454494976
355,2023-06-20,-0.009688812317578455,0.0029756406985825753,0.013715680952561664,0.8270236383447686
356,2023-06-21,-0.01619731644160438,0.0028174885014416954,0.01388004374900461,1.1968342200281468
357,2023-06-22,-0.013812142205661737,0.003033864838378157,0.013501788675378682,1.4155011168951508
358,2023-06-23,0.012436869265767259,0.0034488285417177966,0.013380200106143367,1.259143612467059
359,2023-06-26,0.0029879927464488976,0.0034876076055379646,0.013375187486746654,0.832798623833965
360,2023-06-27,0.0024274865593745254,0.003130610611151359,0.01309108903220132,0.656879520690844
361,2023-06-28,-0.0033021233836328934,0.003027584002587029,0.013116142445291584,0.7167649966514654
362,2023-06-29,0.003533985589162736,0.003005903715914691,0.013114126474782203,0.7793770994061007
363,2023-06-30,0.007483199251629102,0.002928046033218529,0.013072018620936605,1.1873760817335728
364,2023-07-03,0.0005460614882946135,0.00258958485157555,0.012847811591288337,0.4915732309301543
365,2023-07-05,0.005895341194462667,0.0030633035763051953,0.012395762346683619,0.9408212266601036
366,2023-07-06,-0.012372406131460623,0.002991217471588733,0.012473102422193074,1.0132846782761329
367,2023-07-07,0.003626212032100895,0.0029485511373210207,0.012466147701743159,0.5966870598525925
368,2023-07-10,0.024854968373028363,0.0032476291151571843,0.01276333250716805,0.686973307642175
369,2023-07-11,0.008119667179101953,0.0033001995839973164,0.012776675732501987,0.5636230890723246
370,2023-07-12,0.018016063863360632,0.0035676959595248295,0.012906973581056427,0.6842909840858111
371,2023-07-13,-0.00822406572436829,0.003562221379058316,0.012911979331314457,0.651602143830123
372,2023-07-14,-0.0028339985166281334,0.003449040504363414,0.012936667459266487,0.561631535375406
373,2023-07-17,0.012421079596498297,0.0037922957081080707,0.01288230331696801,0.8660669249735823
374,2023-07-18,-0.008421794702087038,0.00394729369219181,0.012670595524725936,0.8495041391772072
375,2023-07-19,-0.00671067535981662,0.003959229925471412,0.012660023294417157,0.7847083800488517
376,2023-07-20,0.02280163478344499,0.004263618041519073,0.01288047492014964,0.7006513863416661
377,2023-07-21,-0.0029930800810883396,0.003850870691357927,0.012685215762428368,2.1769138229671676
378,2023-07-24,-0.0005175148195064594,0.003826050260549064,0.01269231986591363,0.4620834019525513
379,2023-07-25,0.01004658525655322,0.003832076132220233,0.012695227435581434,0.36707525968479965
380,2023-07-26,-0.001845793946723906,0.0038767139870930314,0.012669812499356926,0.5355292753131596
381,2023-07-27,-0.019724744627531154,0.0037843942137852317,0.012821775688720801,0.3927641527905649
382,2023-07-28,0.0033537008681365776,0.003651403930598407,0.012781398515745489,0.49940193224038837
383,2023-07-31,0.009504826161105928,0.0036678443964079915,0.012788359581502153,0.5183278540071264
384,2023-08-01,-0.003621288851946902,0.003682140149114559,0.012779557172967124,0.6524058066602825
385,2023-08-02,-0.007788107670227862,0.0036120819402811048,0.012830860665619172,0.909049697593763
386,2023-08-03,0.058503329462044285,0.004598583897712773,0.014539254654493607,1.5435314773152309
387,2023-08-04,0.027684434138560254,0.004606494666855619,0.014551872766885058,1.2066887769310617
388,2023-08-07,-0.00182797974477511,0.004395705629790158,0.014547297757114238,0.7829790058963155
389,2023-08-08,0.010216781117496021,0.00471363044336577,0.014450317881605439,0.5415670718812681
390,2023-08-09,0.002862376184016302,0.004710668143448399,0.014450683757178074,0.7467086534828064
391,2023-08-10,0.0058034623623342,0.004701253884834603,0.014449760890510666,0.7094071441121996
392,2023-08-11,0.0106413884517218,0.004880789587527873,0.014452222499152474,0.6465817750311177
393,2023-08-14,0.00412901189435777,0.004799880730176002,0.014441766901883837,1.0959177692633317
394,2023-08-15,-0.007102720663406004,0.004603647373013805,0.014519198297651052,0.7812746177582988
395,2023-08-16,-0.010730585201068288,0.004684456327302513,0.014417496104897384,0.8502300640002236
396,2023-08-17,-0.0026639943445160297,0.004362886096802957,0.014350668608217695,0.837457458196449
397,2023-08-18,-0.00047705479562765163,0.004155887826098015,0.014324496698676865,0.779274055702651
398,2023-08-21,0.012789979978242494,0.004183404454267624,0.01433962313470192,0.6511058539558259
399,2023-08-22,0.0014136928573205143,0.00396861776369452,0.014277031278311066,0.6066490705478677
400,2023-08-23,0.020515660410638015,0.004197347061802714,0.01442646874734101,0.6662591269543123
401,2023-08-24,-0.014017086928377664,0.004112731634042272,0.014518593098415713,0.7216594680157481
402,2023-08-25,-0.009820306376217003,0.004063550714172536,0.014561072477723485,0.6687824209814093
403,2023-08-28,-0.004722725266969152,0.0037775889830041396,0.014553796878555687,0.530623651552181
404,2023-08-29,0.0016132568261604252,0.0038315899537911917,0.014539114155596337,0.5564337098859102
405,2023-08-30,0.0018950553457721675,0.0038009843789567664,0.014541161371762258,0.5928166735583654
406,2023-08-31,-0.01494213951618717,0.0026456611998353645,0.012986509101563322,1.047248325655426
407,2023-09-01,0.0300497923335743,0.003361951679810786,0.013235370220488863,0.6995813845083239
408,2023-09-05,-0.011557498439907055,0.0031839381362884092,0.013360824474893743,0.7513136731007178
409,2023-09-06,0.005563434017340052,0.002902220365780462,0.013114420887863399,0.7070314400618768
410,2023-09-07,0.01781696088778939,0.0029616908168422157,0.013174240719886283,1.0355145084058106
411,2023-09-08,0.0009213383363368965,0.0027158701150492306,0.013063313602169831,0.7686090418261345
412,2023-09-11,0.012334229181731216,0.002741400192668195,0.013080780226823812,0.9858826987638659
413,2023-09-12,-0.013456948623614351,0.0024495297034543367,0.013235368101364657,0.8443343690557139
414,2023-09-13,0.007096714945647564,0.002477519180135709,0.013243427133903939,1.0320983469623692
415,2023-09-14,0.029193760010587377,0.003117748196062618,0.013545953860034994,1.2603516295323047
416,2023-09-15,-0.022496867142608235,0.0027163746960357778,0.013925150851493685,2.3295040799184537
417,2023-09-18,0.007368288481186536,0.0029301404699712975,0.013890969827399994,0.7617533263375441
418,2023-09-19,-0.001806000011403519,0.0030552644748312167,0.013810741132150691,1.1045870988677837
419,2023-09-20,-0.0037089531959557664,0.0032534924628573854,0.013618230549186428,0.5260521992339102
420,2023-09-21,-0.0017253182340254414,0.003445346811613517,0.013458130030917803,0.8348246039926099
421,2023-09-22,0.003820316463263085,0.003308576132208689,0.013408972079399326,0.7107918751730109
422,2023-09-25,0.01676328156583251,0.003527231510294143,0.013515550948654679,1.2394245677608013
423,2023-09-26,-0.03315223313752025,0.002962474054787877,0.014283775511534019,1.3429405478041136
424,2023-09-27,0.020831547108359327,0.0033455481895814042,0.014435865206059963,1.6211905624610397
425,2023-09-28,-0.012912084053695483,0.003084499465091591,0.014580379290249886,0.893172985233871
426,2023-09-29,-0.002195167546259924,0.0029308745952838287,0.014584272362580352,1.6485930801114803
427,2023-10-02,-0.039879135353565576,0.002289204804143191,0.015548328409323194,1.6360411624015112
428,2023-10-03,0.0015276813388187538,0.0022198768699266207,0.015541725788251153,1.4402040537169802
429,2023-10-04,0.012108034029615355,0.0026084552851817953,0.015476899157925775,1.1146629497998897
430,2023-10-05,0.016201901613256187,0.0028080694055175933,0.01557104888879566,0.8953743872894248
431,2023-10-06,0.0212273500676583,0.0027504881625752113,0.015494725533426998,1.1749514127672298
432,2023-10-09,0.010982924110411352,0.002795936685294408,0.015514914254237169,0.705502315064068
433,2023-10-10,0.014544798650445001,0.0027408372374703505,0.015466076930774683,0.8214915697946209
434,2023-10-11,0.018318697791332994,0.0031621509440687835,0.015523981978657647,0.7599054863211862
435,2023-10-12,0.005648684644695701,0.0032967967085342415,0.015507914683497222,0.7295491966869574
436,2023-10-13,-0.017542366554287092,0.0028211864521725688,0.015682064529607853,0.956055908386258
437,2023-10-16,0.027619006658825773,0.0033932626642505497,0.015920869012548113,0.959265244328004
438,2023-10-17,0.002738986761421369,0.003543257301095597,0.015868569798472173,0.6881963937047673
439,2023-10-18,-0.009218969740677596,0.0030349937372206354,0.015754173994315942,0.5982874078198254
440,2023-10-19,-0.01533551917150544,0.0028390820056267132,0.015906352926929095,0.5800963401264511
441,2023-10-20,-0.01916175241212148,0.0025431417263788556,0.016141511463876726,0.9730329232475508
442,2023-10-23,8.922851133275067e-05,0.0023850884447086896,0.016115583801006778,0.5587108881671607
443,2023-10-24,0.019266693618278596,0.0027202072949468244,0.016245177742153845,1.1274053588656872
444,2023-10-25,-0.019602642544732984,0.002722145423245208,0.016242463817608358,0.913869261204972
445,2023-10-26,0.006159033491978327,0.0027666745125125374,0.016248067642984417,0.9544107078692059
446,2023-10-27,-0.017210815427986415,0.002342616709511072,0.016417118314443518,0.6520562189999092
447,2023-10-30,0.020310563206950683,0.0027224873771126206,0.01655320741539399,0.7359465559864076
448,2023-10-31,-0.0009732334902683437,0.002830659983143724,0.016505613149568037,1.1249606917516124
449,2023-11-01,0.01709168401738692,0.0021733322776729723,0.015009511025108238,1.6049829577179175
450,2023-11-02,0.02037450235530569,0.0020573016144467093,0.01483637324879126,1.113772790343305
451,2023-11-03,-0.0010239073125694054,0.0020700646689261653,0.014833322549841354,1.0884864418868083
452,2023-11-06,0.06543082518524601,0.0029464780668269587,0.016820460392289984,1.4683599793708098
453,2023-11-07,-0.038964153756401165,0.0022825648931695383,0.0176298197924081,1.3103751712316223
454,2023-11-08,0.01092855842044771,0.0023639156242507052,0.01765813045001614,0.9965924664892348
455,2023-11-09,-0.004538764600482859,0.0021229608138982506,0.01764692521345839,0.9218468772703542
456,2023-11-10,0.009450338423073523,0.002207426314354056,0.017669402595704764,0.7089963932493142
457,2023-11-13,-0.0004105238276452816,0.0023136516609534325,0.017632606712123494,0.5222173981355887
458,2023-11-14,0.039434760192188056,0.0031099269846559144,0.018158898095845068,0.8426440040238821
459,2023-11-15,-0.035804619041066355,0.002583885322805909,0.01879764756172971,1.1633734481814169
460,2023-11-16,-0.00031226104644743735,0.0025865010966024202,0.018797226209809524,0.8669037053627672
461,2023-11-17,0.000164419193932952,0.002386095369867348,0.018753941298496155,0.8738775609137623
462,2023-11-20,0.004848369376820649,0.002440614044780049,0.018756061151397458,0.6131003044909377
463,2023-11-21,0.0018809484468462756,0.0021448249659897036,0.018612804920657436,0.5818304425997188
464,2023-11-22,0.006040355532222597,0.0024631970685389144,0.018503114588333976,0.8143836214545874
465,2023-11-24,0.004949313835352687,0.0026976354845955762,0.01843842377474184,0.317537316964666
466,2023-11-27,0.010011203502255928,0.002931507369821371,0.018436228312482733,0.6400540733966841
467,2023-11-28,-0.005195883774325227,0.0028234257729882655,0.018464019348759356,1.1848098270796774
468,2023-11-29,-0.031096765479584176,0.0022997460773476882,0.018952181340099437,1.2192137006119137
469,2023-11-30,0.003814934092709832,0.0025974774044730375,0.01882384795577811,1.5453811662513561
470,2023-12-01,-0.009583663216837568,0.001968374935418881,0.01855190047763357,0.8475325873781874
471,2023-12-04,-0.00800804072346506,0.0020247155340925634,0.018515515003703124,1.128778940819831
472,2023-12-05,-0.00512945938410303,0.0018549870674029907,0.01853155597487745,1.042538452022597
473,2023-12-06,-0.04800950013512817,0.0008101226067217597,0.01945004100283199,1.5087889611158365
474,2023-12-07,-0.018645104109271782,0.0004995441552041616,0.01960384691221555,1.9692233710026448
475,2023-12-08,0.006152218458073122,0.00040141700086038234,0.019559073790223352,1.468889466710802
476,2023-12-11,0.04442053361672649,0.0013201071951515068,0.020244877345449427,1.431038743464706
477,2023-12-12,-0.014291978855800469,0.000980604118938046,0.020325623486774556,1.0233105257647515
478,2023-12-13,0.016944688635324168,0.0007861744145687886,0.020108820241606484,0.9644104952163836
479,2023-12-14,-0.007128706207686686,0.0010301134770278608,0.01991409162681533,1.3910074910608832
480,2023-12-15,0.027249142479062627,0.001345682588105259,0.0201720007347764,3.1142791651169026
481,2023-12-18,0.0051368024119848865,0.0014558858011749164,0.020173469647795653,1.1002164163425032
482,2023-12-19,0.012148129115772122,0.0017075855204086922,0.02020688468397852,0.5512130556076337
483,2023-12-20,-0.03145427252416466,0.001235697357073149,0.02063102227006969,0.7215620443259008
484,2023-12-21,0.011110116063414166,0.001351408461837452,0.02066616501262535,0.49419048816548805
485,2023-12-22,-0.025188046234718375,0.0006855143697652158,0.020836725105696174,0.6544928129155094
486,2023-12-26,0.019422538889941166,0.0015200345606773016,0.020509908398843514,0.4136019293818586
487,2023-12-27,-0.0012758857591521622,0.001169122927859659,0.020362765725304578,0.3084874553916713
488,2023-12-28,-0.0026400203292885616,0.0013321715584058006,0.020289188472999105,0.32185898342833935
489,2023-12-29,-0.001878706253036766,0.001337194753536327,0.020288340246298005,0.4979100197234623
490,2024-01-02,-0.014030162410858193,0.001747495911357079,0.019694031530810265,0.8099110249115155
491,2024-01-03,0.005206011403364741,0.001805882102857809,0.01969882126788982,0.8248335759654883
492,2024-01-04,-0.004229578962529623,0.0015465549125063013,0.019668525843057852,0.8155725275822091
493,2024-01-05,0.007628291726951453,0.0014104658666919405,0.019595011671585116,1.0445224811981795
494,2024-01-08,0.006796290521939641,0.001181401429458311,0.01944337953277437,0.8220257504763779
495,2024-01-09,-0.004614212004040774,0.0009338278403400233,0.019415843349331788,0.9184610851441216
496,2024-01-10,-0.005494056173539041,0.0006157507796418639,0.019353308290306993,0.6639372066345883
497,2024-01-11,-0.025377672714328448,-7.784240298768283e-05,0.019491143488232165,0.9773840062700095
498,2024-01-12,0.0,-0.0001675040640145987,0.01947736332699636,0.9432209721980476
499,2024-01-16,-0.009742270226224647,-4.36930111882107e-05,0.019389729929169274,0.8608026289526135
500,2024-01-17,0.000983777226333693,-0.0004664744307515771,0.01906448764104533,0.9037003754004029
501,2024-01-18,-0.004556703654876926,-0.0005822790405340896,0.01906686064371939,0.9792944061880954
502,2024-01-19,0.027286502135354773,-2.827105993893335e-06,0.019352720993031144,1.0151286842263878
503,2024-01-22,0.024115383314207373,0.0006233776953666275,0.01948639578926194,1.1215445033627713
504,2024-01-23,0.012626911276300001,0.001127959658674905,0.019377077391973533,1.1500387912275059
505,2024-01-24,-0.025444433556039314,0.0007226634353832849,0.01966406349473134,0.8980027819134219
506,2024-01-25,0.042188991667285514,0.0010865094361611725,0.020217011963290343,0.8493910793766968
507,2024-01-26,0.00597261789119008,0.0014924659510170942,0.020050967361198206,0.9287653743031025
508,2024-01-29,-0.002143929555604829,0.0013606728867697425,0.02004708665108292,1.071862666489116
509,2024-01-30,0.007189402359383701,0.0017479779310137125,0.019917789074319795,0.7637202582747795
510,2024-01-31,0.0009846263153721058,0.0014412170279727828,0.019775604322348487,0.9861673522077933
511,2024-02-01,0.04614747259898189,0.0021891647436751674,0.020558412657936044,1.1467998346361996
512,2024-02-02,0.016297296472497447,0.0021765554175658106,0.02054936652596734,2.2170275370734323
513,2024-02-05,-0.020661601473858093,0.0015251886901187664,0.020613504574061133,1.1011505335713447
514,2024-02-06,0.031331029449838343,0.0020387591149188893,0.020949286347643713,1.5462861260329148
515,2024-02-07,0.01137337586030096,0.0011807043637292855,0.019357543283947315,1.2199546779733652
516,2024-02-08,-0.013433878597739146,0.0015859468265651906,0.01876163223410474,0.7250427346424574
517,2024-02-09,0.011092296994427153,0.0015885458515489913,0.018762958623052124,0.7381909434260518
518,2024-02-12,-0.027691685130037613,0.0012210391764766934,0.01910847361019753,0.7181058590529295
519,2024-02-13,-0.004668782132288274,0.000996926151788411,0.019093191532782338,0.8923085762619589
520,2024-02-14,0.005941566448353974,0.001097752981566177,0.01910240898140544,0.8106641537033391
521,2024-02-15,0.021994485079000592,0.0008209232178647887,0.01865910012982713,0.7974720962138687
522,2024-02-16,-0.002585714749744228,0.0013482074129651399,0.018067393606713687,0.7709870310674458
523,2024-02-20,0.004879556236141669,0.001430617211101475,0.018071537744639196,1.2545257916615036
524,2024-02-21,-0.0030349427599583034,0.0013798336880238358,0.01807964683222359,0.5843726979210193
525,2024-02-22,0.015144669372917807,0.0015432670212952194,0.01815787496306677,0.9049551858758048
526,2024-02-23,0.004498034341714696,0.0015848080672455117,0.018161653213392116,1.2018562088829932
527,2024-02-26,-0.005746724430143679,0.0013977115599063646,0.018175721259839173,0.8744011863451451
528,2024-02-27,0.1691938358838383,0.004004767465437882,0.027881331219029644,2.748493278321147
529,2024-02-28,0.09675135913673394,0.005381595332651819,0.030225838610820937,4.348346758700762
530,2024-02-29,-0.013931963449867135,0.005242927401294011,0.030295107903163792,2.3479041960437375
531,2024-03-01,0.009142221887371349,0.005881641486483781,0.029938682203311997,2.3100341513447193
532,2024-03-04,0.03529622417488332,0.006381344503661138,0.030165496741775162,1.9185404370713033
533,2024-03-05,0.00443210423328555,0.006603817002869441,0.030097461566776392,2.1239901472839144
534,2024-03-06,0.01815918912597292,0.007019169857622425,0.03007310918530307,1.0176139390974608
535,2024-03-07,-0.00026174168861292646,0.0070964352178683,0.030047635281048854,0.9644765146358066
536,2024-03-08,-0.05017260602694629,0.007062100203712457,0.03011278493742773,1.5600118043818734
537,2024-03-11,-0.015594774639306141,0.007110518131807149,0.03007321028597352,1.2784337797648064
538,2024-03-12,0.002739514850979674,0.007056348233281857,0.030078037490050828,1.2860552734420705
539,2024-03-13,-0.0030290318191331655,0.006303180527950751,0.029719270411418502,0.811417381307311
540,2024-03-14,-0.01918259079989859,0.006225551766933321,0.02978025877635742,1.4777536730695555
541,2024-03-15,0.005344941827443606,0.006041428801728867,0.029748758768269472,2.175312640507236
542,2024-03-18,0.020058103230975455,0.006472965459485409,0.029751817182960764,0.966789374435083
543,2024-03-19,0.021144287531139838,0.006376062999994571,0.029692940775326773,0.9536922334218259
544,2024-03-20,0.019140451422921867,0.006598343143025317,0.029735898389770588,0.9774005913584147
545,2024-03-21,-0.008992177270063073,0.006262782724202536,0.029791489594817103,1.0876845329847222
546,2024-03-22,0.023603110000486094,0.007136709430943024,0.02947306901324541,0.7889515953814034
547,2024-03-25,0.05060589036417085,0.007763626483335988,0.02997473467665479,1.7161461214108011
548,2024-03-26,-0.009879293478447737,0.008006622558832346,0.02976461216023268,1.9863768811848703
549,2024-03-27,-0.002804657363848717,0.007653809919883301,0.029758845551111232,1.1373292890325335
550,2024-03-28,-0.00021630500133162922,0.007670628662070928,0.02975401640340145,0.9407442195742637
551,2024-04-01,0.006113016771163382,0.007809565758903499,0.02972551664352481,0.8978511245975859
552,2024-04-02,0.01156047964525464,0.00802288616998749,0.02970308253544495,0.8452918439368758
553,2024-04-03,0.011321827889142488,0.008425298714431945,0.02957093087009826,1.142156511549219
554,2024-04-04,-0.03758008330138285,0.007746154354039126,0.03013206160982233,1.6470938672608288
555,2024-04-05,0.05444808010604185,0.008677545767825975,0.03065819637232284,1.8644856460065837
556,2024-04-08,-0.0056971035573838424,0.008466031556963509,0.030711472427321206,0.7165076979770376
557,2024-04-09,-0.020210390240684162,0.008037354084540909,0.030922909706626683,0.840128111029559
558,2024-04-10,0.01584257132096023,0.008362064930969497,0.030895309729922115,1.6304710143713497
559,2024-04-11,0.009420248972951795,0.008598799933294748,0.030844523497913043,0.9497504277004973
560,2024-04-12,-0.0062733670141119635,0.008902042880917232,0.03059802714981992,0.7536267492931109
561,2024-04-15,-0.03271252762279664,0.008382796410714112,0.031026101057856623,1.0522584518751155
562,2024-04-16,0.006742177845442621,0.00864445431661359,0.03094016989323142,1.2271303346117703
563,2024-04-17,-0.006697025309768789,0.008522536816040536,0.030985942079605946,1.334959248838655
564,2024-04-18,-0.008306323404360216,0.008463019042239214,0.031015057332446024,0.672493698674689
565,2024-04-19,-0.016099325756444127,0.007774355107448756,0.03107197717217525,1.372439003221508
566,2024-04-22,0.012824862090327294,0.0075951404848474844,0.031008702328357153,0.9330877468061872
567,2024-04-23,0.027453382930990422,0.007830481304763205,0.031103624476913658,0.9542807833482969
568,2024-04-24,-0.011102248406301585,0.008058135037298724,0.030908022105812383,0.9016521499166757
569,2024-04-25,0.009937586641173723,0.007546207973392188,0.030599142958571177,1.1465230317241448
570,2024-04-26,0.0019148469354048903,0.007481798910601948,0.030606778390002212,0.7187377036279217
571,2024-04-29,0.001274097733903412,0.007536053312022713,0.03059246645459472,0.8656444806064586
572,2024-04-30,-0.014156188987025309,0.007197234401762252,0.03071432868127334,0.8482756185102965
573,2024-05-01,-0.007421783573523633,0.007063799324160733,0.030759980449711365,1.0536790215868437
574,2024-05-02,0.008777595068733657,0.006470626664950444,0.030351747948842208,1.1827105763141228
575,2024-05-03,0.04662169352349177,0.006951966300680512,0.03074796657746843,1.3427774739424643
576,2024-05-06,0.014574477143455722,0.0075112691358759694,0.03055745717652042,1.0395526494260963
577,2024-05-07,0.014466335438317657,0.007243575580137546,0.0304189788804019,1.0729154300096255
578,2024-05-08,0.03709617941724708,0.0076518740492954205,0.03064708196497762,1.5136352310875565
579,2024-05-09,0.03802884364084913,0.00846874265625714,0.03076162730045452,1.6056861570313856
580,2024-05-10,-0.004538944309792403,0.00822062771492032,0.030803135789519678,1.0127332466528447
581,2024-05-13,-0.006234652381296835,0.008561215536328905,0.030516946566948304,0.7052364943681818
582,2024-05-14,0.019429903853450448,0.00894373436149936,0.030499467755300557,0.7150191068500195
583,2024-05-15,0.02558083112048415,0.009255468721374442,0.030568575686979925,0.9755616829357849
584,2024-05-16,-0.031212236035942698,0.00841091759256582,0.030943643259101712,1.2714037713259503
585,2024-05-17,-0.014930146556916823,0.008214974230547206,0.031053289823217464,1.087183577259727
586,2024-05-20,0.009197161009034005,0.008283507639640735,0.031050574231319468,0.8262465108071249
587,2024-05-21,0.0349653351251622,0.008886686653690268,0.031195909976500895,0.664786151992407
588,2024-05-22,-0.01114157500973767,0.008469444679362403,0.03128651640606734,0.5560134955521433
589,2024-05-23,0.004770369078160197,0.008473767452956776,0.03128597764594349,0.9360383910501368
590,2024-05-24,0.042819693877996556,0.009244662981657414,0.03152734329582448,0.9342293908800251
591,2024-05-28,0.002775028230007859,0.006603094606199789,0.023977429195276862,0.9220056634599972
592,2024-05-29,-0.044072164042726736,0.004367800587478191,0.02191308017567694,1.3841306569528296
593,2024-05-30,0.019117556784899348,0.004892396146760198,0.021863464680286104,0.7523475311643649
594,2024-05-31,-0.03427281131672366,0.004203268635584087,0.022404860290783944,2.0583910660918687
595,2024-06-03,-0.04138088417571206,0.0029861716776381285,0.022768272008719715,1.7919964405511368
596,2024-06-04,-0.02458458668934993,0.00252558928204074,0.02303053108770455,1.695480596112879
597,2024-06-05,0.030471485790002806,0.0027210225624221666,0.023216821595660957,1.6131227535374677
598,2024-06-06,-0.03215013965346514,0.0022148575153610205,0.02362688811009381,1.7070036143101837
599,2024-06-07,-0.022704849725490583,0.002650853647130159,0.022886402438095477,1.594941580435402
600,2024-06-10,0.08398992956619766,0.004231563237693711,0.02495174298954614,1.9670433330057973
601,2024-06-11,0.017145709424361888,0.004460232992826762,0.025003806920396006,1.2656349971699274
602,2024-06-12,-0.0008244380407984586,0.004495226544863821,0.024994697458859325,1.0641541305422086
603,2024-06-13,0.008251884926776754,0.004930694413541208,0.024813852297114806,0.7622155541993679
604,2024-06-14,-0.022870854515336325,0.004482824630322478,0.02505967329819523,0.8179312245882434
605,2024-06-17,-0.01340153190288762,0.00395171931073735,0.025078810717824588,1.1361716269469555
606,2024-06-18,0.03957165062465218,0.004244217137618499,0.02538811744421704,0.9247383281768564
607,2024-06-20,0.008620351902475232,0.004077231430944742,0.025323073601142,1.041278937583344
608,2024-06-21,-0.018802578197720243,0.00392151078129939,0.025434656339458225,1.8343777693044616
609,2024-06-24,-0.009306323642071623,0.0033991388187191093,0.02536175917465601,0.8194167131920853
610,2024-06-25,0.029014245571374442,0.0030564142981985313,0.024854357597822938,0.7685573827579436
611,2024-06-26,-0.054233926398451926,0.0023523725058175126,0.025835536530705062,1.412621837052435
612,2024-06-27,-0.026294465867930716,0.001979518402578116,0.026079510832313985,1.559361419430473
613,2024-06-28,-0.022023650773249526,0.0016333700569921173,0.026253269166344816,3.3362331507244285
614,2024-07-01,0.023867782621908695,0.0019151917371626778,0.026397035203926337,1.3002895097644558
615,2024-07-02,0.005364479902988162,0.0018168425349044798,0.02637205009552767,0.5942510566017747
616,2024-07-03,0.019015364445369,0.0019389621627810911,0.026434513273505458,0.50535044228068
617,2024-07-05,0.005807567476164399,0.002627655032265968,0.025949052717933074,0.5072874864380857
618,2024-07-08,0.021013774927154172,0.0020969517754582273,0.025203320360720004,0.5247904883788136
619,2024-07-09,0.0010661693575459985,0.002204305313790447,0.02518398278069548,0.5690397114855641
620,2024-07-10,0.016623376181413407,0.0027889682728713607,0.02508257362814902,0.8266959206709398
621,2024-07-11,-0.01234344994805836,0.0023415711098710656,0.025097353726020618,0.7856391738868033
622,2024-07-12,0.0013835431796596076,0.00221400435124738,0.025081212957419267,0.5688082850541045
623,2024-07-15,-0.019618619182087293,0.002002174951755708,0.025210075479617844,0.6978957826080503
624,2024-07-16,-0.03757988244158528,0.0019249153514574757,0.025325373861336244,1.2957574797198876
625,2024-07-17,-0.08888136083668108,0.0004070814041221789,0.027778692205295146,2.118865195775507
626,2024-07-18,0.003267787562639679,0.0005652530370175514,0.027765955911541722,1.703381734434123
627,2024-07-19,0.010786100727011805,0.0008683073883091708,0.027771756914987948,0.8729020571161948
628,2024-07-22,0.005916525619836133,0.0012177653466628256,0.027693209896577604,0.5814377514958882
629,2024-07-23,-0.002888397241862739,0.0009683485318661585,0.02765772275531152,0.5789884539705719
630,2024-07-24,-0.07789539537703138,-0.0007038542984199019,0.02917376900339984,1.512348911192562
631,2024-07-25,-0.02655933790727638,-0.0009492049254195018,0.029327222984130305,1.6800735651121979
632,2024-07-26,0.0270492341573898,-0.0006775914727811514,0.029508357236217152,1.048899994865059
633,2024-07-29,-0.01348266644273699,-0.0009219964470373718,0.029550274568780108,0.6341070060934638
634,2024-07-30,-0.023106264005112953,-0.0013089863159106473,0.029680406544483937,1.055323978597971
635,2024-07-31,0.12514078826543118,0.0009020768150807255,0.03363320783348879,2.1901283911183946
636,2024-08-01,-0.06443623957449396,-2.9145500140416115e-06,0.03461357109272948,1.30103300358925
637,2024-08-02,-0.05907531507711339,-0.0010799448697893916,0.03538304869075071,1.7460716187747993
638,2024-08-05,0.01729712006080497,-0.0015454142898320392,0.034935458663610384,1.5410632936935118
639,2024-08-06,0.06512909162483127,-0.000742960091714967,0.03587955207554813,1.7652460954864582
640,2024-08-07,-0.007622528021326014,-0.0010935769720267713,0.03583642969840583,1.6933618647306077
641,2024-08-08,0.04102190737760614,-0.0010312638297988496,0.03590724899930283,0.9212128537906279
642,2024-08-09,0.015184710126229017,-0.0013938691236817086,0.035620643551459746,0.8883365232740982
643,2024-08-12,-0.011539801719785303,-0.0015049938444752467,0.03564152747288883,0.6203232025787749
644,2024-08-13,0.011103368995199592,-0.0012297871559594305,0.035671343744509705,0.651517552896426
645,2024-08-14,-0.017211361355885413,-0.0018113945402346027,0.03562774662921981,0.644595679743529
646,2024-08-15,0.02277737736279839,-0.0018558938062296147,0.03559471720900537,1.166585180806937
647,2024-08-16,-0.002153500397379604,-0.0013946440341889308,0.03539589273218281,0.7104209308534306
648,2024-08-19,0.01473836156282804,-0.0009237153338755203,0.03541026461174815,0.5618368769621483
649,2024-08-20,-0.010685699545006533,-0.0012393162950507669,0.0354072102234517,0.6949802362671428
650,2024-08-21,0.03156461222249374,-0.001293296023664552,0.03535367631376459,0.6649518752074345
651,2024-08-22,-0.00909840236724524,-0.001260864711878958,0.03534543256868475,0.42058205923345865
652,2024-08-23,0.00020523301865305044,-0.001333327189013992,0.035337547032144465,0.7422376911269333
653,2024-08-26,-0.0005128205128205332,-0.0020211448777571204,0.03488307597957586,0.5420442112570099
654,2024-08-27,0.006413819868044346,-0.0019633862803279697,0.03489415621415975,0.4744956844973561
655,2024-08-28,-0.012083124189950833,-0.0014556237429823205,0.03450206857855581,0.6986487087562605
656,2024-08-29,0.0034576799377743495,-0.0017041932167462094,0.034407740565975675,0.6891136318231259
657,2024-08-30,0.011623092351390696,-0.0009756868093158228,0.03419224776994844,0.6358889438269298
658,2024-09-03,-0.0961870804485927,-0.0018456264326948805,0.03589180863767754,1.2111210972360233
659,2024-09-04,-0.0014624239065905709,-0.0014786079758256844,0.035773561998940266,0.9486702799087516
660,2024-09-05,-0.008168147847789187,-0.0020919354938858745,0.0355474699574184,0.7072602811432707
661,2024-09-06,-0.016811518524109004,-0.0018484653172294281,0.03539045762896966,0.9873272549766468
662,2024-09-09,0.010455746749761241,-0.0013221066430190817,0.03532179007402061,0.6432029748158617
663,2024-09-10,0.030471092739377204,-0.0021716119894765492,0.033849807836887895,0.6887744415149167
664,2024-09-11,0.03883499590736661,-0.0018273376008574268,0.03415833727529618,0.8553599642890015
665,2024-09-12,0.014312384287938462,-0.0015870705797663646,0.03421868765783321,0.6504959504131044
666,2024-09-13,0.03185385745794678,-0.001212436095144618,0.03445651789580835,0.7875463289134031
667,2024-09-16,0.016685370420494783,-0.0005845595088615846,0.034415864858021276,0.6825611260018979
668,2024-09-17,0.009937261439915801,-0.00021410247167422873,0.034401283888710346,0.8706188422095034
669,2024-09-18,-0.004472492689004737,-0.0009132158576052909,0.03402518814280911,0.5450084245389624
670,2024-09-19,0.04078274590746722,-0.00040270166704986244,0.03440964734851708,1.0398552066137956
671,2024-09-20,0.22292562663753301,0.0034342539652557446,0.044362684819092196,4.354257085486563
672,2024-09-23,0.008392792293210105,0.0037151923134348197,0.044336734986513665,2.872036122287366
673,2024-09-24,-0.014117857679498358,0.0030305557538971564,0.04427274375517691,1.2633125718565086
674,2024-09-25,0.03696382801113818,0.004478139157223984,0.04385918297749681,1.7142995303773534
675,2024-09-26,-0.023168162904125156,0.0045277630137923255,0.043825559895314434,1.1208644006630415
676,2024-09-27,0.0008957628453285515,0.004891563229960231,0.043696537319823155,0.7409580468584487
677,2024-09-30,0.011750929391904474,0.004699232226309371,0.04363829346904981,0.8316357402867036
678,2024-10-01,0.02149832079266578,0.004955324938843936,0.0436895713160454,0.9068322250338374
679,2024-10-02,-0.0008658351396498842,0.004639750342256335,0.04365816684168635,0.9154581024842056
680,2024-10-03,0.045180499477560865,0.005264717516881676,0.04395595022587003,1.1956998701168948
681,2024-10-04,0.029383032356709027,0.005397562872906356,0.04401691999097294,1.060872754425844
682,2024-10-07,-0.02437646293087714,0.004993711566740909,0.044173738699517906,0.9561324672819118
683,2024-10-08,0.0029796266178367947,0.004777144113350804,0.044149241485103255,0.7146745380831273
684,2024-10-09,-0.061240627509035694,0.004000998437779736,0.044878855313962164,1.4223208222031059
685,2024-10-10,0.00011443981013714577,0.003980853939850808,0.044880333947812344,0.7394617029855342
686,2024-10-11,0.014906002298788357,0.004528863804626612,0.044798231382220215,1.1993854583998194
687,2024-10-14,0.020734723532044308,0.0054544924708747,0.0445157023540431,0.6017921890278234
688,2024-10-15,-0.020571108484066625,0.00653878219075747,0.04298652666974619,0.8233043710012037
689,2024-10-16,0.051286792234412015,0.007300988614118935,0.043351760030720186,0.6864735940975041
690,2024-10-17,-0.030736194804397488,0.006641904558064819,0.043612770158227246,0.8908576208959603
691,2024-10-18,-0.0038347693948322936,0.0064871220975145265,0.04363268527134762,0.4745852673417125
692,2024-10-21,0.013177333687230064,0.006742133699563619,0.043623953450379664,0.4589208465485198
693,2024-10-22,-0.02820403186569964,0.0075308855013307896,0.04250381131198077,0.6005985065479242
694,2024-10-23,0.0001879890184997013,0.007955446246184378,0.042290852638340044,0.7509568954631591
695,2024-10-24,-0.005825989812818344,0.0074336172942763125,0.04225426213390468,0.44688684323342615
696,2024-10-25,-0.0003402067657465313,0.0076422277653396525,0.042181712366442935,0.5801367804616043
697,2024-10-28,0.00971976912167083,0.008163275910209237,0.0419981081936678,0.4478745918880902
698,2024-10-29,-0.007416283033908733,0.006059195413394318,0.03927533519828972,0.545479195611601
699,2024-10-30,-0.012150977171646371,0.006889120213439517,0.03830203237293942,0.5528018682156537
700,2024-10-31,0.004507522384072482,0.00789837160171231,0.03736200990563393,0.704508999743241
701,2024-11-01,-0.018481777138840694,0.00733045259854333,0.03748855371095826,0.8736539799471011
702,2024-11-04,-0.12456421142385143,0.004319447788246779,0.04028499984092606,3.2682299581285412
703,2024-11-05,0.034520969225818376,0.004988392188995103,0.04043313169749806,1.9334528869589687
704,2024-11-06,0.005304854571548612,0.004421454842867206,0.04016927914789829,1.448923592806091
705,2024-11-07,0.0280862255494454,0.0046262408019658785,0.04025782489944286,1.2510745500941323
706,2024-11-08,-0.009189119159840442,0.004663553223552305,0.040243686822006734,1.5328858029128443
707,2024-11-11,-0.008772962555438801,0.0043480558973516955,0.04027028965654545,0.9994479103147427
708,2024-11-12,-0.0361192610316029,0.00404793050567364,0.040503342499605514,1.3049287555713047
709,2024-11-13,-0.011980734811095628,0.003496214439421354,0.040480827012670736,0.876897893438139
710,2024-11-14,-0.0025668025739852274,0.003489654087411741,0.0404817908557714,0.739865215331172
711,2024-11-15,-0.0033196427566407616,0.0032030190982138235,0.040464785822501265,0.7974003797983072
712,2024-11-18,0.02675227408889147,0.003797272647958236,0.04053237545853334,0.9633568450846456
713,2024-11-19,0.018672933274934467,0.0035926428233938033,0.04042232229233879,0.6430984298164851
714,2024-11-20,0.0035808522948839183,0.00379390083390379,0.040389666987176644,0.7477703325836775
715,2024-11-21,0.0697476777531949,0.004897749163023502,0.04123152962834662,1.0401363381495465
716,2024-11-22,-0.007742999430582653,0.004782984418297119,0.04125688695035512,0.7151134274015031
717,2024-11-25,-0.003841717220424923,0.004620198115305544,0.04127057865670143,0.9929639834678212
718,2024-11-26,0.07150612153727298,0.005947011539547191,0.04206101166229984,1.1070825161756477
719,2024-11-27,-0.05001316330078609,0.005098267996077978,0.04264745594100054,0.6559681409193465
720,2024-11-29,0.0125103523287462,0.005112351487782034,0.04264979182652037,0.3400540724355767
721,2024-12-02,-0.02720609523682649,0.006207287760984672,0.04085491074080206,0.553224580396863
722,2024-12-03,-0.008293963094126444,0.006098850631023785,0.04088465134521133,0.5209941121026735
723,2024-12-04,0.02702922140471986,0.006657539031857262,0.040927012371277036,0.787649805674391
724,2024-12-05,0.007435088168129544,0.0070424058047499375,0.040816611377346775,0.6213095275785584
725,2024-12-06,-0.009605964661861921,0.006723965941073379,0.040867777803814204,0.3915853036604355
726,2024-12-09,-0.05433110639123251,0.005377899288206558,0.041465203580940566,0.956454201640198
727,2024-12-10,-0.03131127610805118,0.004264466399072943,0.04149409748294755,0.812819783505025
728,2024-12-11,0.018335240736724545,0.004328321263339388,0.04151290063087602,0.6992119327527109
729,2024-12-12,0.010228225302270744,0.00398505726086834,0.04137079135377601,0.825937789629437
730,2024-12-13,0.00020920027974224986,0.003723530750697665,0.041341277812985334,0.5874685980046913
731,2024-12-16,0.000962043420307257,0.0035810669726086407,0.041334983678746016,0.5810123921583281
732,2024-12-17,-0.02114499579634066,0.003316424066142991,0.041440614407250685,0.7351552043203483
733,2024-12-18,-0.036202231845386734,0.0020944402922881663,0.041453052514360905,0.9319679535524144
734,2024-12-19,-0.002613378597830951,-0.001485543917796976,0.030317239189772256,1.1248161312237244
735,2024-12-20,0.008216041739839586,-0.0014883494821361907,0.03031631846628766,1.587471076485448
736,2024-12-23,0.005550147489750357,-0.0011761589238941477,0.03028541756209923,0.6245078036839105
737,2024-12-24,0.006614659693843006,-0.0016578917543274042,0.02990798310437532,0.3244952333221552
738,2024-12-26,-0.005004542974386239,-0.001369580326871231,0.02978457428183263,0.3104430135801253
739,2024-12-27,-0.009184771296018024,-0.0015295888053053037,0.029799281788965612,0.49743012210353516
740,2024-12-30,-0.0009710689875239709,-0.0017315252875184535,0.02975090045906661,0.5423537126928516
741,2024-12-31,-0.011532345907945163,-0.002255821584353548,0.029625705197393975,0.6489484551850718
